"manga_osyo","参加","ノ","Sun Mar 20 17:53:30 JST 2011"
"cpp_akira","","",""
"andochin","","",""
"melponn","","",""
"zakkas783","","",""
"akineko","","",""
"bleis","","",""
"Cryolite","","",""
"natiren","","",""
"decimalbloat","","",""
"uskz","","",""
"egtra","","",""
"SubaruG","","",""
"PG_kura","","",""
"tanakh","","",""
"repeatedly","","",""
"kikairoya","","",""
"hotwatermorning","","",""
"fadis_","","",""
"wraith13","","",""
"yhamigaki","","",""
"redboltz","","",""
"kumagi","","",""
"yamasa","","",""
"miyabiarts","","",""
"fjnli","","",""
"yak_ex","","",""
"krustf","","",""
"Flast_RO","","",""
"rofi","","",""
"super_rti","","",""